,Player,Tm,Att,Yds,TD,1D,YBC,YBC/Att,YAC,YAC/Att,BrkTkl,Att/Br,W/L
0,Isiah Pacheco,KAN,8,43,0,1,32,4.0,11,1.4,0,,W
1,Clyde Edwards-Helaire,KAN,6,32,1,1,21,3.5,11,1.8,1,6.0,W
2,Chad Henne,KAN,3,-3,0,,-3,-1.0,0,0.0,0,,W
3,Mecole Hardman,KAN,2,28,2,2,28,14.0,0,0.0,0,,W
4,Jerick McKinnon,KAN,2,12,0,0,9,4.5,3,1.5,0,,W
5,Player,Tm,Att,Yds,TD,1D,YBC,YBC/Att,YAC,YAC/Att,BrkTkl,Att/Br,W
6,Christian McCaffrey,SFO,8,38,0,2,28,3.5,10,1.3,1,8.0,W
7,Jeff Wilson,SFO,7,54,0,3,40,5.7,14,2.0,1,7.0,W
8,Tyrion Davis-Price,SFO,2,4,0,,0,0.0,4,2.0,1,2.0,W
9,Jimmy Garoppolo,SFO,2,2,0,1,2,1.0,0,0.0,0,,W
10,Brock Purdy,SFO,1,1,0,0,1,1.0,0,0.0,0,,W
11,Deebo Samuel,SFO,1,2,0,0,1,1.0,1,1.0,0,,W
0,Kyren Williams,LAR,11,35,0,1,22,2.0,13,1.2,0,,W
1,Bryce Perkins,LAR,9,44,0,3,34,3.8,10,1.1,0,,W
2,Cam Akers,LAR,8,37,0,1,10,1.3,27,3.4,1,8.0,W
3,Player,Tm,Att,Yds,TD,1D,YBC,YBC/Att,YAC,YAC/Att,BrkTkl,Att/Br,W
4,Isiah Pacheco,KAN,22,69,1,2,35,1.6,34,1.5,1,22.0,W
5,Ronald Jones II,KAN,4,12,0,1,6,1.5,6,1.5,0,,W
6,Patrick Mahomes,KAN,4,36,0,3,36,9.0,0,0.0,0,,W
0,Clyde Edwards-Helaire,KAN,7,0,1,1,-6,-0.9,6,0.9,1,7.0,L
1,Jerick McKinnon,KAN,7,20,0,,16,2.3,4,0.6,0,,L
2,Patrick Mahomes,KAN,4,26,0,3,26,6.5,0,0.0,0,,L
3,Isiah Pacheco,KAN,3,9,0,,7,2.3,2,0.7,0,,L
4,Michael Burton,KAN,1,2,0,1,1,1.0,1,1.0,0,,L
5,Travis Kelce,KAN,1,1,0,1,0,0.0,1,1.0,0,,L
6,Player,Tm,Att,Yds,TD,1D,YBC,YBC/Att,YAC,YAC/Att,BrkTkl,Att/Br,L
7,Jonathan Taylor,IND,21,71,0,3,48,2.3,23,1.1,2,10.5,L
8,Nyheim Hines,IND,3,7,0,1,7,2.3,0,0.0,0,,L
9,Matt Ryan,IND,3,4,0,1,2,0.7,2,0.7,0,,L
0,Josh Jacobs,LVR,21,154,1,9,56,2.7,98,4.7,4,5.3,W
1,Brandon Bolden,LVR,1,5,0,0,5,5.0,0,0.0,0,,W
2,Derek Carr,LVR,1,3,0,0,3,3.0,0,0.0,0,,W
3,Zamir White,LVR,1,-7,0,,-7,-7.0,0,0.0,0,,W
4,Player,Tm,Att,Yds,TD,1D,YBC,YBC/Att,YAC,YAC/Att,BrkTkl,Att/Br,W
5,Clyde Edwards-Helaire,KAN,9,15,0,2,3,0.3,12,1.3,0,,W
6,Jerick McKinnon,KAN,8,53,0,3,15,1.9,38,4.8,3,2.7,W
7,Patrick Mahomes,KAN,4,28,0,1,27,6.8,1,0.3,0,,W
8,Mecole Hardman,KAN,1,7,0,1,3,3.0,4,4.0,1,1.0,W
9,Isiah Pacheco,KAN,1,0,0,,0,0.0,0,0.0,0,,W
0,Devin Singletary,BUF,17,85,0,3,62,3.6,23,1.4,1,17.0,L
1,Josh Allen,BUF,12,32,0,4,23,1.9,9,0.8,0,,L
2,James Cook,BUF,2,8,0,,4,2.0,4,2.0,0,,L
3,Player,Tm,Att,Yds,TD,1D,YBC,YBC/Att,YAC,YAC/Att,BrkTkl,Att/Br,L
4,Clyde Edwards-Helaire,KAN,9,33,0,2,26,2.9,7,0.8,0,,L
5,Patrick Mahomes,KAN,4,21,0,2,19,4.8,2,0.5,0,,L
6,Jerick McKinnon,KAN,2,1,0,0,1,0.5,0,0.0,0,,L
7,Isiah Pacheco,KAN,2,9,0,0,6,3.0,3,1.5,0,,L
8,Travis Kelce,KAN,1,4,0,0,1,1.0,3,3.0,0,,L
0,Austin Ekeler,LAC,14,39,0,4,19,1.4,20,1.4,0,,W
1,Joshua Kelley,LAC,4,22,0,,8,2.0,14,3.5,1,4.0,W
2,Sony Michel,LAC,4,13,0,,8,2.0,5,1.3,0,,W
3,Justin Herbert,LAC,2,1,0,1,1,0.5,0,0.0,0,,W
4,Player,Tm,Att,Yds,TD,1D,YBC,YBC/Att,YAC,YAC/Att,BrkTkl,Att/Br,W
5,Clyde Edwards-Helaire,KAN,8,74,0,1,17,2.1,57,7.1,0,,W
6,Jerick McKinnon,KAN,4,12,0,0,9,2.3,3,0.8,0,,W
7,Patrick Mahomes,KAN,2,-1,0,0,-1,-0.5,0,0.0,0,,W
8,Isiah Pacheco,KAN,2,6,0,,3,1.5,3,1.5,0,,W
9,Michael Burton,KAN,1,6,0,1,4,4.0,2,2.0,0,,W
10,Mecole Hardman,KAN,1,-4,0,0,-4,-4.0,0,0.0,0,,W
0,Isiah Pacheco,KAN,13,70,0,3,54,4.2,16,1.2,1,13.0,W
1,Jerick McKinnon,KAN,6,22,0,2,18,3.0,4,0.7,1,6.0,W
2,Patrick Mahomes,KAN,3,-3,0,0,-3,-1.0,0,0.0,0,,W
3,Michael Burton,KAN,1,0,0,,0,0.0,0,0.0,0,,W
4,Player,Tm,Att,Yds,TD,1D,YBC,YBC/Att,YAC,YAC/Att,BrkTkl,Att/Br,W
5,Latavius Murray,DEN,8,32,0,3,21,2.6,11,1.4,0,,W
6,Russell Wilson,DEN,4,57,0,3,57,14.3,0,0.0,0,,W
7,Mike Boone,DEN,3,2,0,0,2,0.7,0,0.0,0,,W
8,Marlon Mack,DEN,3,15,0,0,13,4.3,2,0.7,0,,W
9,Brett Rypien,DEN,1,0,0,0,0,0.0,0,0.0,0,,W
0,Latavius Murray,DEN,12,56,0,3,51,4.3,5,0.4,0,,W
1,Chase Edmonds,DEN,7,34,0,0,34,4.9,0,0.0,0,,W
2,Russell Wilson,DEN,4,27,2,3,27,6.8,0,0.0,0,,W
3,Kendall Hinton,DEN,1,0,0,,0,0.0,0,0.0,0,,W
4,Player,Tm,Att,Yds,TD,1D,YBC,YBC/Att,YAC,YAC/Att,BrkTkl,Att/Br,W
5,Isiah Pacheco,KAN,9,31,1,3,30,3.3,1,0.1,0,,W
6,Patrick Mahomes,KAN,4,8,0,0,8,2.0,0,0.0,0,,W
7,Jerick McKinnon,KAN,2,4,0,0,4,2.0,0,0.0,0,,W
8,Ronald Jones II,KAN,1,3,0,,3,3.0,0,0.0,0,,W
0,Kenneth Walker III,SEA,26,107,0,6,49,1.9,58,2.2,1,26.0,W
1,Geno Smith,SEA,3,16,0,2,14,4.7,2,0.7,0,,W
2,DeeJay Dallas,SEA,2,10,0,0,7,3.5,3,1.5,0,,W
3,Player,Tm,Att,Yds,TD,1D,YBC,YBC/Att,YAC,YAC/Att,BrkTkl,Att/Br,W
4,Isiah Pacheco,KAN,14,58,0,2,28,2.0,30,2.1,0,,W
5,Jerick McKinnon,KAN,5,7,0,0,2,0.4,5,1.0,0,,W
6,Patrick Mahomes,KAN,2,8,1,1,5,2.5,3,1.5,0,,W
7,Ronald Jones II,KAN,1,4,0,,1,1.0,3,3.0,0,,W
0,Isiah Pacheco,KAN,15,86,0,6,77,5.1,9,0.6,0,,W
1,Jerick McKinnon,KAN,10,52,1,2,45,4.5,7,0.7,1,10.0,W
2,Patrick Mahomes,KAN,5,33,1,3,33,6.6,0,0.0,0,,W
3,Skyy Moore,KAN,2,12,0,,12,6.0,0,0.0,0,,W
4,Ronald Jones II,KAN,1,6,0,,6,6.0,0,0.0,0,,W
5,Player,Tm,Att,Yds,TD,1D,YBC,YBC/Att,YAC,YAC/Att,BrkTkl,Att/Br,W
6,Royce Freeman,HOU,11,51,0,3,44,4.0,7,0.6,1,11.0,W
7,Dare Ogunbowale,HOU,8,14,0,1,14,1.8,0,0.0,0,,W
8,Davis Mills,HOU,5,21,1,1,21,4.2,0,0.0,0,,W
9,Jeff Driskel,HOU,4,8,0,0,8,2.0,0,0.0,1,4.0,W
0,Isiah Pacheco,KAN,12,62,1,4,13,1.1,49,4.1,0,,W
1,Clyde Edwards-Helaire,KAN,7,42,0,1,15,2.1,27,3.9,0,,W
2,Jerick McKinnon,KAN,4,22,0,1,11,2.8,11,2.8,0,,W
3,Patrick Mahomes,KAN,3,5,0,1,5,1.7,0,0.0,0,,W
4,Marquez Valdes-Scantling,KAN,1,-3,0,0,-3,-3.0,0,0.0,1,1.0,W
5,Player,Tm,Att,Yds,TD,1D,YBC,YBC/Att,YAC,YAC/Att,BrkTkl,Att/Br,W
6,James Conner,ARI,10,26,1,3,1,0.1,25,2.5,0,,W
7,Kyler Murray,ARI,5,29,0,1,29,5.8,0,0.0,0,,W
8,Eno Benjamin,ARI,4,28,0,1,3,0.8,25,6.3,1,4.0,W
9,Trace McSorley,ARI,3,20,0,1,17,5.7,3,1.0,0,,W
0,Isiah Pacheco,KAN,14,66,1,5,37,2.6,29,2.1,1,14.0,L
1,Jerick McKinnon,KAN,8,51,0,2,30,3.8,21,2.6,0,,L
2,Patrick Mahomes,KAN,2,9,1,1,9,4.5,0,0.0,0,,L
3,Skyy Moore,KAN,1,12,0,1,9,9.0,3,3.0,0,,L
4,Player,Tm,Att,Yds,TD,1D,YBC,YBC/Att,YAC,YAC/Att,BrkTkl,Att/Br,L
5,Samaje Perine,CIN,21,106,0,4,55,2.6,51,2.4,2,10.5,L
6,Joe Burrow,CIN,11,46,1,4,27,2.5,19,1.7,0,,L
7,Trent Taylor,CIN,1,-3,0,,-3,-3.0,0,0.0,0,,L
8,Trayveon Williams,CIN,1,3,0,,1,1.0,2,2.0,0,,L
0,Ronald Jones II,KAN,10,45,1,3,31,3.1,14,1.4,1,10.0,W
1,Isiah Pacheco,KAN,8,64,1,2,42,5.3,22,2.8,0,,W
2,Patrick Mahomes,KAN,3,29,0,2,24,8.0,5,1.7,0,,W
3,Kadarius Toney,KAN,3,26,1,3,12,4.0,14,4.7,1,3.0,W
4,Chad Henne,KAN,2,-2,0,,-2,-1.0,0,0.0,0,,W
5,Jerick McKinnon,KAN,2,6,0,1,-1,-0.5,7,3.5,1,2.0,W
6,Player,Tm,Att,Yds,TD,1D,YBC,YBC/Att,YAC,YAC/Att,BrkTkl,Att/Br,W
7,Josh Jacobs,LVR,17,45,0,3,25,1.5,20,1.2,2,8.5,W
8,Jarrett Stidham,LVR,7,50,0,3,49,7.0,1,0.1,0,,W
9,Zamir White,LVR,1,4,0,,3,3.0,1,1.0,0,,W
0,Derrick Henry,TEN,17,115,2,5,43,2.5,72,4.2,2,8.5,W
1,Malik Willis,TEN,8,40,0,1,32,4.0,8,1.0,1,8.0,W
2,Dontrell Hilliard,TEN,3,12,0,,9,3.0,3,1.0,0,,W
3,Hassan Haskins,TEN,1,5,0,,4,4.0,1,1.0,0,,W
4,Player,Tm,Att,Yds,TD,1D,YBC,YBC/Att,YAC,YAC/Att,BrkTkl,Att/Br,W
5,Patrick Mahomes,KAN,6,63,1,3,61,10.2,2,0.3,0,,W
6,Isiah Pacheco,KAN,5,5,0,1,3,0.6,2,0.4,0,,W
7,Clyde Edwards-Helaire,KAN,4,5,0,1,2,0.5,3,0.8,0,,W
8,Jerick McKinnon,KAN,3,4,0,0,3,1.0,1,0.3,0,,W
9,Michael Burton,KAN,1,0,0,,0,0.0,0,0.0,0,,W
0,Clyde Edwards-Helaire,KAN,19,92,1,5,48,2.5,44,2.3,1,19.0,W
1,Isiah Pacheco,KAN,11,63,0,,35,3.2,28,2.5,1,11.0,W
2,Patrick Mahomes,KAN,4,34,0,2,34,8.5,0,0.0,0,,W
3,Jerick McKinnon,KAN,2,-1,0,,-1,-0.5,0,0.0,0,,W
4,Noah Gray,KAN,1,1,1,1,1,1.0,0,0.0,0,,W
5,Player,Tm,Att,Yds,TD,1D,YBC,YBC/Att,YAC,YAC/Att,BrkTkl,Att/Br,W
6,Leonard Fournette,TAM,3,-3,0,0,-3,-1.0,0,0.0,0,,W
7,Rachaad White,TAM,3,6,1,2,4,1.3,2,0.7,0,,W
0,Travis Etienne,JAX,11,45,0,2,34,3.1,11,1.0,0,,W
1,Trevor Lawrence,JAX,4,26,0,1,25,6.3,1,0.3,0,,W
2,Jamycal Hasty,JAX,1,4,0,,4,4.0,0,0.0,0,,W
3,Player,Tm,Att,Yds,TD,1D,YBC,YBC/Att,YAC,YAC/Att,BrkTkl,Att/Br,W
4,Isiah Pacheco,KAN,16,82,0,4,52,3.3,30,1.9,0,,W
5,Patrick Mahomes,KAN,7,39,0,2,39,5.6,0,0.0,0,,W
6,Kadarius Toney,KAN,2,33,0,1,33,16.5,0,0.0,0,,W
7,Michael Burton,KAN,1,-1,0,,-1,-1.0,0,0.0,0,,W
8,Jerick McKinnon,KAN,1,2,0,0,2,2.0,0,0.0,0,,W
0,Isiah Pacheco,KAN,15,107,0,4,83,5.5,24,1.6,0,,W
1,Jerick McKinnon,KAN,6,24,0,1,17,2.8,7,1.2,0,,W
2,Patrick Mahomes,KAN,4,23,0,1,23,5.8,0,0.0,0,,W
3,Clyde Edwards-Helaire,KAN,2,9,0,1,8,4.0,1,0.5,0,,W
4,Player,Tm,Att,Yds,TD,1D,YBC,YBC/Att,YAC,YAC/Att,BrkTkl,Att/Br,W
5,Austin Ekeler,LAC,19,83,1,3,56,2.9,27,1.4,0,,W
6,Justin Herbert,LAC,5,17,0,3,12,2.4,5,1.0,0,,W
7,Isaiah Spiller,LAC,4,11,0,1,5,1.3,6,1.5,0,,W
8,Zander Horvath,LAC,1,3,0,1,3,3.0,0,0.0,0,,W
9,Sony Michel,LAC,1,1,0,1,1,1.0,0,0.0,0,,W
